{
  "body": {
    "result": [
      {
        "id": 1,
        "name": "San Francisco"
      },
      {
        "id": 3,
        "name": "Paris"
      },
      {
        "id": 4,
        "name": "Austin"
      },
      {
        "id": 5,
        "name": "New York City"
      },
      {
        "id": 6,
        "name": "Boston"
      },
      {
        "id": 7,
        "name": "Chicago"
      },
      {
        "id": 8,
        "name": "Washington D.C."
      },
      {
        "id": 10,
        "name": "Seattle"
      },
      {
        "id": 11,
        "name": "Hamptons"
      },
      {
        "id": 12,
        "name": "Los Angeles"
      },
      {
        "id": 13,
        "name": "Toronto"
      },
      {
        "id": 14,
        "name": "Miami"
      },
      {
        "id": 15,
        "name": "Las Vegas"
      },
      {
        "id": 16,
        "name": "Madrid"
      },
      {
        "id": 18,
        "name": "London"
      },
      {
        "id": 19,
        "name": "Vancouver"
      },
      {
        "id": 20,
        "name": "Philadelphia"
      },
      {
        "id": 21,
        "name": "San Diego"
      },
      {
        "id": 22,
        "name": "Charlotte"
      },
      {
        "id": 23,
        "name": "Atlanta"
      },
      {
        "id": 24,
        "name": "Denver"
      },
      {
        "id": 25,
        "name": "Dallas"
      },
      {
        "id": 26,
        "name": "Phoenix"
      },
      {
        "id": 27,
        "name": "Tampa Bay"
      },
      {
        "id": 28,
        "name": "Minneapolis - St. Paul"
      },
      {
        "id": 29,
        "name": "Palm Springs"
      },
      {
        "id": 30,
        "name": "Orange County"
      },
      {
        "id": 31,
        "name": "Sydney"
      },
      {
        "id": 32,
        "name": "Milan"
      },
      {
        "id": 34,
        "name": "Amsterdam"
      },
      {
        "id": 35,
        "name": "Baltimore-Maryland"
      },
      {
        "id": 36,
        "name": "Stockholm"
      },
      {
        "id": 37,
        "name": "Brussels"
      },
      {
        "id": 38,
        "name": "Berlin"
      },
      {
        "id": 39,
        "name": "Melbourne"
      },
      {
        "id": 40,
        "name": "Portland"
      },
      {
        "id": 41,
        "name": "Sacramento"
      },
      {
        "id": 44,
        "name": "Singapore"
      },
      {
        "id": 45,
        "name": "Pittsburgh"
      },
      {
        "id": 46,
        "name": "Helsinki"
      },
      {
        "id": 47,
        "name": "Zurich"
      },
      {
        "id": 48,
        "name": "Tucson"
      },
      {
        "id": 49,
        "name": "Milwaukee"
      },
      {
        "id": 50,
        "name": "Detroit"
      },
      {
        "id": 51,
        "name": "Lyon"
      },
      {
        "id": 52,
        "name": "Lisbon"
      },
      {
        "id": 53,
        "name": "Munich"
      },
      {
        "id": 54,
        "name": "Rome"
      },
      {
        "id": 55,
        "name": "Prague"
      },
      {
        "id": 88,
        "name": "Kansas City"
      },
      {
        "id": 89,
        "name": "Seoul"
      },
      {
        "id": 90,
        "name": "Mexico City"
      },
      {
        "id": 91,
        "name": "Beijing"
      },
      {
        "id": 92,
        "name": "Nice"
      },
      {
        "id": 93,
        "name": "Indianapolis"
      },
      {
        "id": 94,
        "name": "Taipei"
      },
      {
        "id": 95,
        "name": "Florence"
      },
      {
        "id": 96,
        "name": "Shanghai"
      },
      {
        "id": 129,
        "name": "Tokyo"
      },
      {
        "id": 130,
        "name": "Bangalore"
      },
      {
        "id": 131,
        "name": "Auckland"
      },
      {
        "id": 132,
        "name": "Hamburg"
      },
      {
        "id": 133,
        "name": "Honolulu"
      },
      {
        "id": 134,
        "name": "Houston"
      },
      {
        "id": 135,
        "name": "Johannesburg and Pretoria"
      },
      {
        "id": 136,
        "name": "Rhode Island"
      },
      {
        "id": 137,
        "name": "Cape Town"
      },
      {
        "id": 138,
        "name": "Dubai"
      },
      {
        "id": 139,
        "name": "Columbus"
      },
      {
        "id": 140,
        "name": "Montreal"
      },
      {
        "id": 141,
        "name": "Cincinnati"
      },
      {
        "id": 142,
        "name": "Cleveland"
      },
      {
        "id": 143,
        "name": "Hong Kong"
      },
      {
        "id": 144,
        "name": "Lima"
      },
      {
        "id": 145,
        "name": "Moscow"
      },
      {
        "id": 146,
        "name": "Bogota"
      },
      {
        "id": 147,
        "name": "Bangkok"
      },
      {
        "id": 148,
        "name": "Santiago"
      },
      {
        "id": 181,
        "name": "Santa Barbara"
      },
      {
        "id": 182,
        "name": "Kuala Lumpur"
      },
      {
        "id": 183,
        "name": "Tulsa"
      },
      {
        "id": 184,
        "name": "Oklahoma City"
      },
      {
        "id": 185,
        "name": "Albuquerque"
      },
      {
        "id": 186,
        "name": "Memphis"
      },
      {
        "id": 187,
        "name": "Jacksonville"
      },
      {
        "id": 188,
        "name": "Nashville"
      },
      {
        "id": 189,
        "name": "St Louis"
      },
      {
        "id": 190,
        "name": "New Orleans"
      },
      {
        "id": 191,
        "name": "San Luis Obispo"
      },
      {
        "id": 192,
        "name": "Calgary"
      },
      {
        "id": 193,
        "name": "Durban"
      },
      {
        "id": 194,
        "name": "Guangzhou"
      },
      {
        "id": 195,
        "name": "Shenzhen"
      },
      {
        "id": 196,
        "name": "Abu Dhabi"
      },
      {
        "id": 197,
        "name": "Delhi NCR"
      },
      {
        "id": 198,
        "name": "New Jersey"
      },
      {
        "id": 200,
        "name": "Manila"
      },
      {
        "id": 201,
        "name": "Cali"
      },
      {
        "id": 202,
        "name": "Doha"
      },
      {
        "id": 203,
        "name": "Hyderabad"
      },
      {
        "id": 204,
        "name": "Guadalajara"
      },
      {
        "id": 205,
        "name": "Montevideo"
      },
      {
        "id": 206,
        "name": "Panama City, PA"
      },
      {
        "id": 207,
        "name": "San Antonio"
      },
      {
        "id": 208,
        "name": "Orlando"
      },
      {
        "id": 209,
        "name": "Chennai"
      },
      {
        "id": 210,
        "name": "Dublin"
      },
      {
        "id": 211,
        "name": "Manchester"
      },
      {
        "id": 212,
        "name": "Fresno"
      },
      {
        "id": 214,
        "name": "Riyadh"
      },
      {
        "id": 215,
        "name": "Mumbai"
      },
      {
        "id": 216,
        "name": "Rotterdam"
      },
      {
        "id": 217,
        "name": "Aarhus"
      },
      {
        "id": 218,
        "name": "Tijuana"
      },
      {
        "id": 219,
        "name": "Madison"
      },
      {
        "id": 220,
        "name": "Bakersfield"
      },
      {
        "id": 221,
        "name": "Brisbane"
      },
      {
        "id": 222,
        "name": "Perth"
      },
      {
        "id": 223,
        "name": "Adelaide"
      },
      {
        "id": 224,
        "name": "Vienna"
      },
      {
        "id": 227,
        "name": "Connecticut"
      },
      {
        "id": 228,
        "name": "Inland Empire"
      },
      {
        "id": 229,
        "name": "Modesto"
      },
      {
        "id": 230,
        "name": "Barcelona"
      },
      {
        "id": 232,
        "name": "Tacoma"
      },
      {
        "id": 233,
        "name": "Raleigh-Durham"
      },
      {
        "id": 234,
        "name": "Charleston"
      },
      {
        "id": 235,
        "name": "Hampton Roads"
      },
      {
        "id": 236,
        "name": "Louisville"
      },
      {
        "id": 237,
        "name": "Ann Arbor"
      },
      {
        "id": 238,
        "name": "Savannah-Hilton Head"
      },
      {
        "id": 239,
        "name": "Caracas"
      },
      {
        "id": 240,
        "name": "Jeddah"
      },
      {
        "id": 241,
        "name": "Ventura"
      },
      {
        "id": 242,
        "name": "Saint Petersburg"
      },
      {
        "id": 243,
        "name": "Gold Coast"
      },
      {
        "id": 244,
        "name": "Birmingham, UK"
      },
      {
        "id": 245,
        "name": "Leeds"
      },
      {
        "id": 246,
        "name": "Omaha"
      },
      {
        "id": 247,
        "name": "Salt Lake City"
      },
      {
        "id": 248,
        "name": "Reno"
      },
      {
        "id": 249,
        "name": "Apple Valley"
      },
      {
        "id": 252,
        "name": "Corpus Christi"
      },
      {
        "id": 253,
        "name": "Lubbock"
      },
      {
        "id": 254,
        "name": "El Paso"
      },
      {
        "id": 255,
        "name": "College Station"
      },
      {
        "id": 256,
        "name": "Amarillo"
      },
      {
        "id": 257,
        "name": "Waco"
      },
      {
        "id": 258,
        "name": "Rio Grande Valley"
      },
      {
        "id": 259,
        "name": "Lexington"
      },
      {
        "id": 260,
        "name": "Lincoln"
      },
      {
        "id": 261,
        "name": "Sioux Falls"
      },
      {
        "id": 262,
        "name": "Boise"
      },
      {
        "id": 263,
        "name": "Lille"
      },
      {
        "id": 264,
        "name": "Bordeaux"
      },
      {
        "id": 265,
        "name": "Toulouse"
      },
      {
        "id": 266,
        "name": "Geneva"
      },
      {
        "id": 267,
        "name": "Marseille"
      },
      {
        "id": 268,
        "name": "Istanbul"
      },
      {
        "id": 269,
        "name": "Spokane"
      },
      {
        "id": 270,
        "name": "Richmond"
      },
      {
        "id": 271,
        "name": "Portland, ME"
      },
      {
        "id": 272,
        "name": "Columbia"
      },
      {
        "id": 273,
        "name": "Little Rock"
      },
      {
        "id": 274,
        "name": "Baton Rouge"
      },
      {
        "id": 275,
        "name": "Fort Myers-Naples"
      },
      {
        "id": 276,
        "name": "Piedmont Triad"
      },
      {
        "id": 277,
        "name": "Knoxville"
      },
      {
        "id": 278,
        "name": "State College"
      },
      {
        "id": 279,
        "name": "Chattanooga"
      },
      {
        "id": 280,
        "name": "Athens"
      },
      {
        "id": 282,
        "name": "Vermont "
      },
      {
        "id": 283,
        "name": "Harrisburg"
      },
      {
        "id": 284,
        "name": "Birmingham, AL"
      },
      {
        "id": 285,
        "name": "Grand Rapids"
      },
      {
        "id": 286,
        "name": "Worcester"
      },
      {
        "id": 287,
        "name": "Anchorage"
      },
      {
        "id": 289,
        "name": "New Jersey (Shore)"
      },
      {
        "id": 290,
        "name": "Southern Oregon"
      },
      {
        "id": 291,
        "name": "Billings"
      },
      {
        "id": 292,
        "name": "Willamette Valley"
      },
      {
        "id": 293,
        "name": "Fayetteville, NC"
      },
      {
        "id": 294,
        "name": "Montgomery, AL"
      },
      {
        "id": 296,
        "name": "Rio de Janeiro"
      },
      {
        "id": 297,
        "name": "Dayton"
      },
      {
        "id": 298,
        "name": "Toledo"
      },
      {
        "id": 299,
        "name": "Wellington"
      },
      {
        "id": 300,
        "name": "Christchurch"
      },
      {
        "id": 301,
        "name": "Canberra"
      },
      {
        "id": 302,
        "name": "Newcastle"
      },
      {
        "id": 303,
        "name": "Des Moines"
      },
      {
        "id": 304,
        "name": "Wichita"
      },
      {
        "id": 305,
        "name": "Eastern Shore"
      },
      {
        "id": 306,
        "name": "Akron"
      },
      {
        "id": 307,
        "name": "Rochester"
      },
      {
        "id": 308,
        "name": "Buffalo"
      },
      {
        "id": 309,
        "name": "Tel Aviv"
      },
      {
        "id": 310,
        "name": "Delaware"
      },
      {
        "id": 311,
        "name": "Jackson"
      },
      {
        "id": 312,
        "name": "Tallahassee"
      },
      {
        "id": 313,
        "name": "New Hampshire"
      },
      {
        "id": 315,
        "name": "Gainesville"
      },
      {
        "id": 316,
        "name": "Western WV"
      },
      {
        "id": 317,
        "name": "Lehigh Valley"
      },
      {
        "id": 320,
        "name": "Roanoke"
      },
      {
        "id": 321,
        "name": "Wilmington, NC"
      },
      {
        "id": 322,
        "name": "Erie"
      },
      {
        "id": 323,
        "name": "Augusta"
      },
      {
        "id": 325,
        "name": "Tuscaloosa"
      },
      {
        "id": 327,
        "name": "Myrtle Beach"
      },
      {
        "id": 328,
        "name": "Jakarta"
      },
      {
        "id": 330,
        "name": "Frankfurt"
      },
      {
        "id": 331,
        "name": "Sarasota"
      },
      {
        "id": 332,
        "name": "Wilkes-Barre Scranton"
      },
      {
        "id": 333,
        "name": "Central Atlantic Coast, FL"
      },
      {
        "id": 334,
        "name": "Leipzig"
      },
      {
        "id": 335,
        "name": "Ottawa"
      },
      {
        "id": 336,
        "name": "Halifax"
      },
      {
        "id": 337,
        "name": "Hamilton"
      },
      {
        "id": 338,
        "name": "London, Ont"
      },
      {
        "id": 339,
        "name": "Edmonton"
      },
      {
        "id": 341,
        "name": "Kitchener-Waterloo"
      },
      {
        "id": 342,
        "name": "Pune"
      },
      {
        "id": 343,
        "name": "Reading, PA"
      },
      {
        "id": 344,
        "name": "Greenville, SC"
      },
      {
        "id": 345,
        "name": "Asheville, NC"
      },
      {
        "id": 346,
        "name": "Beirut"
      },
      {
        "id": 347,
        "name": "Lansing"
      },
      {
        "id": 348,
        "name": "Bowling Green, KY"
      },
      {
        "id": 349,
        "name": "Flint"
      },
      {
        "id": 351,
        "name": "Fargo"
      },
      {
        "id": 352,
        "name": "Stillwater"
      },
      {
        "id": 354,
        "name": "Killeen"
      },
      {
        "id": 357,
        "name": "Topeka"
      },
      {
        "id": 359,
        "name": "Lawrence"
      },
      {
        "id": 360,
        "name": "Rochester, MN"
      },
      {
        "id": 361,
        "name": "Duluth"
      },
      {
        "id": 366,
        "name": "Laredo"
      },
      {
        "id": 368,
        "name": "South Bend"
      },
      {
        "id": 369,
        "name": "Evansville, IN"
      },
      {
        "id": 370,
        "name": "Fort Wayne"
      },
      {
        "id": 371,
        "name": "Champaign"
      },
      {
        "id": 373,
        "name": "Peoria, IL"
      },
      {
        "id": 374,
        "name": "Springfield, IL"
      },
      {
        "id": 376,
        "name": "Sioux City"
      },
      {
        "id": 377,
        "name": "Iowa City"
      },
      {
        "id": 378,
        "name": "Springfield, MO"
      },
      {
        "id": 380,
        "name": "Columbia, MO"
      },
      {
        "id": 382,
        "name": "Green Bay"
      },
      {
        "id": 385,
        "name": "Rockford"
      },
      {
        "id": 387,
        "name": "Ho Chi Minh City"
      },
      {
        "id": 388,
        "name": "Kalamazoo"
      },
      {
        "id": 389,
        "name": "Lagos"
      },
      {
        "id": 390,
        "name": "Winnipeg"
      },
      {
        "id": 391,
        "name": "Quebec City"
      },
      {
        "id": 393,
        "name": "Niagara Region"
      },
      {
        "id": 395,
        "name": "Victoria"
      },
      {
        "id": 396,
        "name": "Windsor"
      },
      {
        "id": 399,
        "name": "Kelowna"
      },
      {
        "id": 402,
        "name": "Kingston"
      },
      {
        "id": 410,
        "name": "Lethbridge"
      },
      {
        "id": 418,
        "name": "Red Deer"
      },
      {
        "id": 429,
        "name": "Hanoi"
      },
      {
        "id": 430,
        "name": "Vancouver, WA"
      },
      {
        "id": 431,
        "name": "Flagstaff"
      },
      {
        "id": 432,
        "name": "Bellingham"
      },
      {
        "id": 433,
        "name": "Johor Bahru"
      },
      {
        "id": 434,
        "name": "Shreveport, LA"
      },
      {
        "id": 435,
        "name": "Pensacola, FL"
      },
      {
        "id": 436,
        "name": "Fayetteville, AR"
      },
      {
        "id": 437,
        "name": "Mobile, AL"
      },
      {
        "id": 438,
        "name": "Huntsville, AL"
      },
      {
        "id": 439,
        "name": "Columbus, GA"
      },
      {
        "id": 440,
        "name": "Lancaster, PA"
      },
      {
        "id": 441,
        "name": "Charlottesville-Harrisonburg"
      },
      {
        "id": 443,
        "name": "Lafayette, LA"
      },
      {
        "id": 444,
        "name": "Gulfport-Biloxi"
      },
      {
        "id": 445,
        "name": "Ocala, FL"
      },
      {
        "id": 446,
        "name": "Western MA"
      },
      {
        "id": 447,
        "name": "Hattiesburg, MS"
      },
      {
        "id": 448,
        "name": "Eastern WV"
      },
      {
        "id": 449,
        "name": "Santa Fe"
      },
      {
        "id": 450,
        "name": "Glasgow"
      },
      {
        "id": 451,
        "name": "North East, UK"
      },
      {
        "id": 452,
        "name": "Sheffield"
      },
      {
        "id": 453,
        "name": "Merseyside"
      },
      {
        "id": 454,
        "name": "South Coast, UK "
      },
      {
        "id": 456,
        "name": "Geelong"
      },
      {
        "id": 457,
        "name": "Bunbury"
      },
      {
        "id": 458,
        "name": "Sao Paulo"
      },
      {
        "id": 459,
        "name": "Warsaw"
      },
      {
        "id": 460,
        "name": "Abilene"
      },
      {
        "id": 461,
        "name": "Mornington Peninsula"
      },
      {
        "id": 463,
        "name": "Tianjin"
      },
      {
        "id": 467,
        "name": "Gothenburg"
      },
      {
        "id": 468,
        "name": "Hobart"
      },
      {
        "id": 469,
        "name": "Nanjing"
      },
      {
        "id": 470,
        "name": "Dusseldorf"
      },
      {
        "id": 471,
        "name": "Cologne"
      },
      {
        "id": 473,
        "name": "Chandigarh"
      },
      {
        "id": 474,
        "name": "Jaipur"
      },
      {
        "id": 475,
        "name": "Ahmedabad"
      },
      {
        "id": 476,
        "name": "Kolkata"
      },
      {
        "id": 478,
        "name": "Colombo"
      },
      {
        "id": 479,
        "name": "Strasbourg"
      },
      {
        "id": 480,
        "name": "Nantes"
      },
      {
        "id": 481,
        "name": "Montpellier"
      },
      {
        "id": 482,
        "name": "Chongqing"
      },
      {
        "id": 483,
        "name": "Wuhan"
      },
      {
        "id": 484,
        "name": "Hangzhou"
      },
      {
        "id": 485,
        "name": "Chengdu"
      },
      {
        "id": 486,
        "name": "Manhattan"
      },
      {
        "id": 487,
        "name": "Genoa"
      },
      {
        "id": 488,
        "name": "Las Cruces"
      },
      {
        "id": 489,
        "name": "Oxford"
      },
      {
        "id": 491,
        "name": "Grenoble"
      },
      {
        "id": 492,
        "name": "Wyoming"
      },
      {
        "id": 493,
        "name": "Belo Horizonte"
      },
      {
        "id": 494,
        "name": "Phuket"
      },
      {
        "id": 495,
        "name": "Krakow"
      },
      {
        "id": 529,
        "name": "Oslo"
      },
      {
        "id": 530,
        "name": "Valencia"
      },
      {
        "id": 531,
        "name": "Cairo"
      },
      {
        "id": 533,
        "name": "Monterrey"
      },
      {
        "id": 534,
        "name": "Macau"
      },
      {
        "id": 535,
        "name": "Turin"
      },
      {
        "id": 536,
        "name": "Copenhagen"
      },
      {
        "id": 537,
        "name": "Budapest"
      },
      {
        "id": 538,
        "name": "Quad Cities"
      },
      {
        "id": 539,
        "name": "Athens, GR"
      },
      {
        "id": 540,
        "name": "Nairobi"
      },
      {
        "id": 541,
        "name": "Lausanne"
      },
      {
        "id": 574,
        "name": "Brasilia"
      },
      {
        "id": 575,
        "name": "Hailstorm City"
      },
      {
        "id": 576,
        "name": "Porto"
      },
      {
        "id": 577,
        "name": "Seville"
      },
      {
        "id": 578,
        "name": "Zaragoza"
      },
      {
        "id": 579,
        "name": "Bilbao"
      },
      {
        "id": 580,
        "name": "Malaga"
      },
      {
        "id": 581,
        "name": "Cebu"
      },
      {
        "id": 582,
        "name": "Bali"
      },
      {
        "id": 583,
        "name": "Penang"
      },
      {
        "id": 584,
        "name": "Pattaya"
      },
      {
        "id": 585,
        "name": "Fukuoka"
      },
      {
        "id": 586,
        "name": "Kochi"
      },
      {
        "id": 588,
        "name": "Medellin"
      },
      {
        "id": 589,
        "name": "Antwerp"
      },
      {
        "id": 591,
        "name": "Padua"
      },
      {
        "id": 592,
        "name": "San Juan, PR"
      },
      {
        "id": 593,
        "name": "Panama City, FL"
      },
      {
        "id": 594,
        "name": "Maui"
      },
      {
        "id": 595,
        "name": "Big Island"
      },
      {
        "id": 596,
        "name": "Kauai"
      },
      {
        "id": 597,
        "name": "Florida Keys"
      },
      {
        "id": 598,
        "name": "Manama"
      },
      {
        "id": 599,
        "name": "Eastern Province, KSA"
      },
      {
        "id": 600,
        "name": "Yuma"
      },
      {
        "id": 601,
        "name": "Basel"
      },
      {
        "id": 602,
        "name": "Qingdao"
      },
      {
        "id": 603,
        "name": "Bucharest"
      },
      {
        "id": 604,
        "name": "Casablanca"
      },
      {
        "id": 606,
        "name": "Vilnius"
      },
      {
        "id": 607,
        "name": "Edinburgh"
      },
      {
        "id": 608,
        "name": "South West, UK"
      },
      {
        "id": 609,
        "name": "Barranquilla"
      },
      {
        "id": 610,
        "name": "Chaunskiy Rayon"
      },
      {
        "id": 611,
        "name": "Hammerfest"
      },
      {
        "id": 613,
        "name": "Bilibinskiy Rayon"
      },
      {
        "id": 615,
        "name": "Belfast"
      },
      {
        "id": 617,
        "name": "Incheon"
      },
      {
        "id": 618,
        "name": "Cardiff"
      },
      {
        "id": 619,
        "name": "Cambridge and East Anglia"
      },
      {
        "id": 620,
        "name": "Gyeonggi-do"
      },
      {
        "id": 621,
        "name": "Fairbanks"
      },
      {
        "id": 622,
        "name": "Beaumont"
      },
      {
        "id": 623,
        "name": "Amman"
      },
      {
        "id": 624,
        "name": "Suzhou"
      },
      {
        "id": 625,
        "name": "Kodiak"
      },
      {
        "id": 626,
        "name": "Phnom Penh"
      },
      {
        "id": 627,
        "name": "Bratislava"
      },
      {
        "id": 629,
        "name": "Darwin"
      },
      {
        "id": 630,
        "name": "NW Indiana"
      },
      {
        "id": 631,
        "name": "Baku"
      },
      {
        "id": 632,
        "name": "Ankara"
      },
      {
        "id": 633,
        "name": "Juneau"
      },
      {
        "id": 634,
        "name": "Napoli"
      },
      {
        "id": 635,
        "name": "Outer Banks, NC"
      },
      {
        "id": 636,
        "name": "Tallinn"
      },
      {
        "id": 637,
        "name": "Surabaya"
      },
      {
        "id": 638,
        "name": "Cairns"
      },
      {
        "id": 639,
        "name": "Sunshine Coast"
      },
      {
        "id": 640,
        "name": "Townsville"
      },
      {
        "id": 641,
        "name": "Toowoomba"
      },
      {
        "id": 642,
        "name": "Changsha"
      },
      {
        "id": 643,
        "name": "Yantai"
      },
      {
        "id": 644,
        "name": "Xi'an"
      },
      {
        "id": 645,
        "name": "Xiamen"
      },
      {
        "id": 646,
        "name": "Dalian"
      },
      {
        "id": 647,
        "name": "Jinan"
      },
      {
        "id": 648,
        "name": "Ningbo"
      },
      {
        "id": 649,
        "name": "Coastal Georgia"
      },
      {
        "id": 650,
        "name": "Ekaterinburg"
      },
      {
        "id": 651,
        "name": "Greater Maine"
      },
      {
        "id": 652,
        "name": "Eastern North Carolina"
      },
      {
        "id": 653,
        "name": "Trojmiasto"
      },
      {
        "id": 654,
        "name": "Eastern Idaho"
      },
      {
        "id": 656,
        "name": "Muskoka"
      },
      {
        "id": 657,
        "name": "Coeur d'Alene"
      },
      {
        "id": 658,
        "name": "Missoula"
      },
      {
        "id": 659,
        "name": "Bozeman"
      },
      {
        "id": 660,
        "name": "Northern Montana"
      },
      {
        "id": 661,
        "name": "Terre Haute"
      },
      {
        "id": 662,
        "name": "Foshan"
      },
      {
        "id": 663,
        "name": "Alta"
      },
      {
        "id": 731,
        "name": "Home Counties"
      },
      {
        "id": 733,
        "name": "Qiemo"
      },
      {
        "id": 735,
        "name": "Ames"
      },
      {
        "id": 737,
        "name": "Bandung"
      },
      {
        "id": 739,
        "name": "Puebla"
      },
      {
        "id": 741,
        "name": "Queretaro"
      },
      {
        "id": 745,
        "name": "Aaron, KY"
      },
      {
        "id": 747,
        "name": "Ajmer"
      },
      {
        "id": 749,
        "name": "Thiruvananthapuram"
      },
      {
        "id": 751,
        "name": "Ludhiana"
      },
      {
        "id": 755,
        "name": "Guwahati"
      },
      {
        "id": 757,
        "name": "Udaipur"
      },
      {
        "id": 759,
        "name": "Nagpur"
      },
      {
        "id": 761,
        "name": "Surat"
      },
      {
        "id": 763,
        "name": "Indore"
      },
      {
        "id": 765,
        "name": "Aachen"
      },
      {
        "id": 767,
        "name": "Nashik"
      },
      {
        "id": 769,
        "name": "Mysore"
      },
      {
        "id": 771,
        "name": "Visakhapatnam"
      },
      {
        "id": 773,
        "name": "Bhubaneswar"
      },
      {
        "id": 775,
        "name": "Vadodara"
      },
      {
        "id": 777,
        "name": "Coimbatore"
      },
      {
        "id": 779,
        "name": "Amritsar"
      },
      {
        "id": 781,
        "name": "San Jose, CR"
      },
      {
        "id": 785,
        "name": "Whitsundays"
      },
      {
        "id": 787,
        "name": "Natal"
      },
      {
        "id": 789,
        "name": "Curitiba"
      },
      {
        "id": 791,
        "name": "Porto Alegre"
      },
      {
        "id": 793,
        "name": "Campinas"
      },
      {
        "id": 795,
        "name": "Salvador"
      },
      {
        "id": 797,
        "name": "Florianopolis"
      },
      {
        "id": 799,
        "name": "Recife"
      },
      {
        "id": 801,
        "name": "Fortaleza"
      },
      {
        "id": 803,
        "name": "Goiania"
      },
      {
        "id": 805,
        "name": "Buenos Aires"
      },
      {
        "id": 807,
        "name": "Minsk"
      },
      {
        "id": 809,
        "name": "Danang"
      },
      {
        "id": 811,
        "name": "Queenstown"
      },
      {
        "id": 813,
        "name": "Byron Bay"
      },
      {
        "id": 815,
        "name": "Ballarat"
      },
      {
        "id": 817,
        "name": "Hamilton, NZ"
      },
      {
        "id": 819,
        "name": "Bendigo"
      },
      {
        "id": 821,
        "name": "Wollongong"
      },
      {
        "id": 823,
        "name": "Ibiza"
      },
      {
        "id": 825,
        "name": "Cyclades"
      },
      {
        "id": 827,
        "name": "Santo Domingo"
      },
      {
        "id": 829,
        "name": "Limerick"
      },
      {
        "id": 831,
        "name": "Midland-Odessa"
      },
      {
        "id": 833,
        "name": "Tyler"
      },
      {
        "id": 835,
        "name": "Syracuse"
      },
      {
        "id": 837,
        "name": "Kazan"
      },
      {
        "id": 839,
        "name": "Albany"
      },
      {
        "id": 841,
        "name": "San Angelo"
      },
      {
        "id": 907,
        "name": "Ufa"
      },
      {
        "id": 909,
        "name": "Shenyang"
      },
      {
        "id": 911,
        "name": "Hefei"
      },
      {
        "id": 913,
        "name": "Zagreb"
      },
      {
        "id": 915,
        "name": "Novosibirsk"
      },
      {
        "id": 917,
        "name": "Rostov-on-Don"
      },
      {
        "id": 919,
        "name": "Nizhny Novgorod"
      },
      {
        "id": 921,
        "name": "Wenzhou"
      },
      {
        "id": 923,
        "name": "Adirondack"
      },
      {
        "id": 925,
        "name": "Barquisimeto"
      },
      {
        "id": 927,
        "name": "Maracaibo"
      },
      {
        "id": 929,
        "name": "Leon"
      },
      {
        "id": 931,
        "name": "Thessaloniki"
      },
      {
        "id": 933,
        "name": "Vitoria"
      },
      {
        "id": 935,
        "name": "Belgrade"
      },
      {
        "id": 937,
        "name": "Wroclaw"
      },
      {
        "id": 939,
        "name": "Poznan"
      },
      {
        "id": 943,
        "name": "Kyiv"
      },
      {
        "id": 945,
        "name": "Jodhpur"
      },
      {
        "id": 949,
        "name": "Patna"
      },
      {
        "id": 951,
        "name": "Madurai"
      },
      {
        "id": 955,
        "name": "Mangalore"
      },
      {
        "id": 957,
        "name": "Bhopal"
      },
      {
        "id": 961,
        "name": "Toluca"
      },
      {
        "id": 965,
        "name": "Taichung"
      },
      {
        "id": 967,
        "name": "Bodo"
      },
      {
        "id": 969,
        "name": "Flekkefjord"
      },
      {
        "id": 971,
        "name": "Kongsvinger"
      },
      {
        "id": 973,
        "name": "Lillehammer"
      },
      {
        "id": 975,
        "name": "Molde"
      },
      {
        "id": 977,
        "name": "Rygge"
      },
      {
        "id": 979,
        "name": "Notodden"
      },
      {
        "id": 981,
        "name": "Sandefjord"
      },
      {
        "id": 989,
        "name": "Western Arizona"
      },
      {
        "id": 991,
        "name": "Taos"
      },
      {
        "id": 995,
        "name": "Port Elizabeth"
      },
      {
        "id": 997,
        "name": "Gallup"
      },
      {
        "id": 999,
        "name": "Sochi"
      },
      {
        "id": 1001,
        "name": "Tri-Cities"
      },
      {
        "id": 1003,
        "name": "Krasnodar"
      },
      {
        "id": 1005,
        "name": "Lahore"
      },
      {
        "id": 1007,
        "name": "Alexandria"
      },
      {
        "id": 1009,
        "name": "Guiyang"
      },
      {
        "id": 1011,
        "name": "Kunming"
      },
      {
        "id": 1013,
        "name": "Bucaramanga"
      },
      {
        "id": 1015,
        "name": "Semarang"
      },
      {
        "id": 1017,
        "name": "Cartagena"
      },
      {
        "id": 1019,
        "name": "Quito"
      },
      {
        "id": 1021,
        "name": "Guayaquil"
      },
      {
        "id": 1023,
        "name": "La Paz"
      },
      {
        "id": 1025,
        "name": "Santa Cruz, BO"
      },
      {
        "id": 1027,
        "name": "Cordoba"
      },
      {
        "id": 1029,
        "name": "Rosario"
      },
      {
        "id": 1031,
        "name": "Guatemala City"
      },
      {
        "id": 1033,
        "name": "Eastern Washington"
      },
      {
        "id": 1035,
        "name": "Olympia"
      },
      {
        "id": 1037,
        "name": "Bizen"
      },
      {
        "id": 1039,
        "name": "Kyotango"
      },
      {
        "id": 1041,
        "name": "Cucuta"
      },
      {
        "id": 1043,
        "name": "Monteria"
      },
      {
        "id": 1045,
        "name": "Sincelejo"
      },
      {
        "id": 1047,
        "name": "Ibague"
      },
      {
        "id": 1049,
        "name": "Villavicencio"
      },
      {
        "id": 1053,
        "name": "Ipoh"
      },
      {
        "id": 1059,
        "name": "Malmö"
      },
      {
        "id": 1061,
        "name": "Lodz"
      },
      {
        "id": 1063,
        "name": "Nanto"
      },
      {
        "id": 1065,
        "name": "Pereira"
      },
      {
        "id": 1067,
        "name": "Manizales"
      },
      {
        "id": 1069,
        "name": "Armenia"
      },
      {
        "id": 1071,
        "name": "Valledupar"
      },
      {
        "id": 1073,
        "name": "Neiva"
      },
      {
        "id": 1075,
        "name": "Popayan"
      },
      {
        "id": 1077,
        "name": "Kaohsiung"
      },
      {
        "id": 1081,
        "name": "Abuja"
      },
      {
        "id": 1083,
        "name": "Bloemfontein"
      },
      {
        "id": 1085,
        "name": "Mombasa"
      },
      {
        "id": 1089,
        "name": "Nakatonbetsu"
      },
      {
        "id": 1091,
        "name": "Silesia"
      },
      {
        "id": 1097,
        "name": "Cluj"
      },
      {
        "id": 1101,
        "name": "Leicester"
      },
      {
        "id": 1103,
        "name": "Nottingham"
      },
      {
        "id": 1105,
        "name": "Xicun"
      },
      {
        "id": 1107,
        "name": "Dhaka"
      },
      {
        "id": 1113,
        "name": "Omsk"
      },
      {
        "id": 1115,
        "name": "Krasnoyarsk"
      },
      {
        "id": 1117,
        "name": "Voronezh"
      },
      {
        "id": 1119,
        "name": "Perm"
      },
      {
        "id": 1121,
        "name": "Volgograd"
      },
      {
        "id": 1123,
        "name": "Chelyabinsk"
      },
      {
        "id": 1125,
        "name": "Samara"
      },
      {
        "id": 1127,
        "name": "Cuernavaca"
      },
      {
        "id": 1129,
        "name": "Merida"
      },
      {
        "id": 1131,
        "name": "Peninsula and SW WA"
      },
      {
        "id": 1135,
        "name": "Mexicali"
      },
      {
        "id": 1137,
        "name": "San Luis Potosi"
      },
      {
        "id": 1139,
        "name": "Hsinchu"
      },
      {
        "id": 1143,
        "name": "Stoke"
      },
      {
        "id": 1145,
        "name": "York"
      },
      {
        "id": 1147,
        "name": "Hull"
      },
      {
        "id": 1149,
        "name": "Aguascalientes"
      },
      {
        "id": 1151,
        "name": "Hermosillo"
      },
      {
        "id": 1153,
        "name": "Santa Marta"
      },
      {
        "id": 1155,
        "name": "Pasto"
      },
      {
        "id": 1159,
        "name": "Algarve"
      },
      {
        "id": 1161,
        "name": "El Calafate"
      },
      {
        "id": 1163,
        "name": "Bariloche"
      },
      {
        "id": 1165,
        "name": "Salta"
      },
      {
        "id": 1167,
        "name": "Mar del Plata"
      },
      {
        "id": 1169,
        "name": "Tucuman"
      },
      {
        "id": 1171,
        "name": "Mendoza"
      },
      {
        "id": 1173,
        "name": "Ushuaia"
      },
      {
        "id": 1175,
        "name": "Santiago, DR"
      },
      {
        "id": 1243,
        "name": "Zhengzhou"
      },
      {
        "id": 1253,
        "name": "Dar Es Salaam"
      },
      {
        "id": 1255,
        "name": "Kampala"
      },
      {
        "id": 1257,
        "name": "Accra"
      },
      {
        "id": 1259,
        "name": "Almaty"
      },
      {
        "id": 1263,
        "name": "Croatian Coast"
      },
      {
        "id": 1265,
        "name": "Cedar Rapids"
      },
      {
        "id": 1267,
        "name": "Puerto Madryn"
      },
      {
        "id": 1269,
        "name": "Belem"
      },
      {
        "id": 1271,
        "name": "Porto Velho"
      },
      {
        "id": 1273,
        "name": "Manaus"
      },
      {
        "id": 1275,
        "name": "Joinville"
      },
      {
        "id": 1277,
        "name": "Londrina"
      },
      {
        "id": 1279,
        "name": "Santarem"
      },
      {
        "id": 1281,
        "name": "Palmas"
      },
      {
        "id": 1283,
        "name": "Boa Vista"
      },
      {
        "id": 1285,
        "name": "Rio Branco"
      },
      {
        "id": 1287,
        "name": "Macapa"
      },
      {
        "id": 1289,
        "name": "Pelotas"
      },
      {
        "id": 1291,
        "name": "Blumenau"
      },
      {
        "id": 1293,
        "name": "Ponta Grossa"
      },
      {
        "id": 1295,
        "name": "Cascavel"
      },
      {
        "id": 1297,
        "name": "Maringa"
      },
      {
        "id": 1299,
        "name": "Huzhou"
      },
      {
        "id": 1301,
        "name": "Kota Kinabalu"
      },
      {
        "id": 1303,
        "name": "Astana"
      },
      {
        "id": 1307,
        "name": "Mianyang"
      },
      {
        "id": 1309,
        "name": "Maceio"
      },
      {
        "id": 1311,
        "name": "Joao Pessoa"
      },
      {
        "id": 1313,
        "name": "Aracaju"
      },
      {
        "id": 1315,
        "name": "Sao Luis"
      },
      {
        "id": 1317,
        "name": "Ribeirao Preto"
      },
      {
        "id": 1319,
        "name": "Sorocaba"
      },
      {
        "id": 1321,
        "name": "Sao Jose dos Campos"
      },
      {
        "id": 1325,
        "name": "Cuiaba"
      },
      {
        "id": 1327,
        "name": "Campo Grande"
      },
      {
        "id": 1329,
        "name": "Uberlandia"
      },
      {
        "id": 1331,
        "name": "Uberaba"
      },
      {
        "id": 1333,
        "name": "Juiz de Fora"
      },
      {
        "id": 1335,
        "name": "Montes Claros"
      },
      {
        "id": 1337,
        "name": "Antalya"
      },
      {
        "id": 1339,
        "name": "Youngstown"
      },
      {
        "id": 1341,
        "name": "Bloomington, IN"
      },
      {
        "id": 1343,
        "name": "West Lafayette"
      },
      {
        "id": 1345,
        "name": "Jiaxing"
      },
      {
        "id": 1347,
        "name": "Shaoxing"
      },
      {
        "id": 1349,
        "name": "Jinhua"
      },
      {
        "id": 1351,
        "name": "Southern Utah"
      },
      {
        "id": 1352,
        "name": "Taiyuan"
      },
      {
        "id": 1353,
        "name": "Shijiazhuang"
      },
      {
        "id": 1354,
        "name": "Changchun"
      },
      {
        "id": 1355,
        "name": "Harbin"
      },
      {
        "id": 1356,
        "name": "Valparaiso"
      },
      {
        "id": 1357,
        "name": "Concepcion"
      },
      {
        "id": 1358,
        "name": "Foz do Iguacu"
      },
      {
        "id": 1359,
        "name": "Itajai"
      },
      {
        "id": 1360,
        "name": "Passo Fundo"
      },
      {
        "id": 1361,
        "name": "Chapeco"
      },
      {
        "id": 1362,
        "name": "Rio Grande"
      },
      {
        "id": 1364,
        "name": "Puerto Plata"
      },
      {
        "id": 1365,
        "name": "Yichang"
      },
      {
        "id": 1366,
        "name": "Rennes"
      },
      {
        "id": 1367,
        "name": "Franca"
      },
      {
        "id": 1368,
        "name": "Criciuma"
      },
      {
        "id": 1369,
        "name": "Presidente Prudente"
      },
      {
        "id": 1370,
        "name": "Dourados"
      },
      {
        "id": 1371,
        "name": "Paranagua"
      },
      {
        "id": 1372,
        "name": "Rondonopolis"
      },
      {
        "id": 1375,
        "name": "Rio Verde"
      },
      {
        "id": 1376,
        "name": "Parauapebas"
      },
      {
        "id": 1379,
        "name": "Cabo Frio"
      },
      {
        "id": 1380,
        "name": "Marilia"
      },
      {
        "id": 1381,
        "name": "Petropolis"
      },
      {
        "id": 1383,
        "name": "Ciudad Juarez"
      },
      {
        "id": 1384,
        "name": "Chihuahua"
      },
      {
        "id": 1385,
        "name": "Ciudad Obregon"
      },
      {
        "id": 1386,
        "name": "Guaymas"
      },
      {
        "id": 1387,
        "name": "Sao Carlos"
      },
      {
        "id": 1388,
        "name": "Bauru"
      },
      {
        "id": 1389,
        "name": "Macae"
      },
      {
        "id": 1390,
        "name": "Ipatinga"
      },
      {
        "id": 1391,
        "name": "Mineiros do Tiete"
      },
      {
        "id": 1393,
        "name": "Volta Redonda"
      },
      {
        "id": 1394,
        "name": "Anapolis"
      },
      {
        "id": 1395,
        "name": "Caxias do Sul"
      },
      {
        "id": 1396,
        "name": "Campos dos Goytacazes"
      },
      {
        "id": 1397,
        "name": "Mossoro"
      },
      {
        "id": 1398,
        "name": "Feira de Santana"
      },
      {
        "id": 1399,
        "name": "Teresina"
      },
      {
        "id": 1400,
        "name": "Sao Jose do Rio Preto"
      },
      {
        "id": 1402,
        "name": "Piracicaba"
      },
      {
        "id": 1403,
        "name": "Zhongshan"
      },
      {
        "id": 1405,
        "name": "Wujiang"
      },
      {
        "id": 1407,
        "name": "Managua"
      },
      {
        "id": 1408,
        "name": "San Salvador"
      },
      {
        "id": 1409,
        "name": "Arequipa"
      },
      {
        "id": 1411,
        "name": "Dongguan"
      },
      {
        "id": 1412,
        "name": "Huizhou"
      },
      {
        "id": 1413,
        "name": "Colorado Springs"
      },
      {
        "id": 1414,
        "name": "Fort Collins"
      },
      {
        "id": 1415,
        "name": "Boulder"
      },
      {
        "id": 1416,
        "name": "Rockies"
      },
      {
        "id": 1417,
        "name": "Zhuzhou"
      },
      {
        "id": 1418,
        "name": "San Miguel de Allende"
      },
      {
        "id": 1419,
        "name": "Irapuato"
      },
      {
        "id": 1421,
        "name": "Port of Spain"
      },
      {
        "id": 1422,
        "name": "Villahermosa"
      },
      {
        "id": 1423,
        "name": "Torreon"
      },
      {
        "id": 1424,
        "name": "Saltillo"
      },
      {
        "id": 1425,
        "name": "Durango"
      },
      {
        "id": 1426,
        "name": "Kharkiv"
      },
      {
        "id": 1427,
        "name": "Dnipro"
      },
      {
        "id": 1428,
        "name": "Odessa"
      },
      {
        "id": 1429,
        "name": "Lviv"
      },
      {
        "id": 1430,
        "name": "Campeche"
      },
      {
        "id": 1431,
        "name": "Ciudad del Carmen"
      },
      {
        "id": 1432,
        "name": "Xalapa"
      },
      {
        "id": 1433,
        "name": "Veracruz"
      },
      {
        "id": 1434,
        "name": "Cancun"
      },
      {
        "id": 1435,
        "name": "Zacatecas"
      },
      {
        "id": 1436,
        "name": "Tepic"
      },
      {
        "id": 1437,
        "name": "Colima"
      },
      {
        "id": 1438,
        "name": "Morelia"
      },
      {
        "id": 1439,
        "name": "Pachuca"
      },
      {
        "id": 1440,
        "name": "Uruapan"
      },
      {
        "id": 1441,
        "name": "Culiacan"
      },
      {
        "id": 1442,
        "name": "Mazatlan"
      },
      {
        "id": 1443,
        "name": "Los Mochis"
      },
      {
        "id": 1444,
        "name": "Tuxtla Gutierrez"
      },
      {
        "id": 1445,
        "name": "Acapulco"
      },
      {
        "id": 1446,
        "name": "Oaxaca"
      },
      {
        "id": 1447,
        "name": "DuBois"
      },
      {
        "id": 1448,
        "name": "Greater Williamsport"
      },
      {
        "id": 1449,
        "name": "Santos"
      },
      {
        "id": 1453,
        "name": "Matamoros"
      },
      {
        "id": 1454,
        "name": "Johnstown-Altoona"
      },
      {
        "id": 1455,
        "name": "York-Gettysburg"
      },
      {
        "id": 1456,
        "name": "Reynosa"
      },
      {
        "id": 1458,
        "name": "Oxford, UK"
      },
      {
        "id": 1459,
        "name": "Brighton and Sussex"
      },
      {
        "id": 1460,
        "name": "Northampton and Milton Keynes"
      },
      {
        "id": 1461,
        "name": "Guanajuato"
      },
      {
        "id": 1462,
        "name": "Celaya"
      },
      {
        "id": 1463,
        "name": "Salamanca"
      },
      {
        "id": 1464,
        "name": "Braga"
      },
      {
        "id": 1468,
        "name": "Riviera Maya"
      },
      {
        "id": 1469,
        "name": "Coatzacoalcos"
      },
      {
        "id": 1470,
        "name": "Poza Rica"
      },
      {
        "id": 1471,
        "name": "Cordoba, Mexico"
      },
      {
        "id": 1472,
        "name": "Karachi"
      },
      {
        "id": 1473,
        "name": "Gatineau"
      },
      {
        "id": 1474,
        "name": "Kalispell"
      },
      {
        "id": 1475,
        "name": "Great Falls"
      },
      {
        "id": 1476,
        "name": "Helena"
      },
      {
        "id": 1477,
        "name": "Butte"
      },
      {
        "id": 1478,
        "name": "Zamora"
      },
      {
        "id": 1479,
        "name": "Puerto Vallarta"
      },
      {
        "id": 1480,
        "name": "Kuching"
      },
      {
        "id": 1481,
        "name": "Lucknow"
      },
      {
        "id": 1482,
        "name": "Cochabamba"
      },
      {
        "id": 1483,
        "name": "Monclova"
      },
      {
        "id": 1484,
        "name": "Nogales"
      },
      {
        "id": 1489,
        "name": "La Paz, Mexico"
      },
      {
        "id": 1492,
        "name": "Antofagasta"
      },
      {
        "id": 1493,
        "name": "Rancagua"
      },
      {
        "id": 1494,
        "name": "Talca"
      },
      {
        "id": 1495,
        "name": "Temuco"
      },
      {
        "id": 1496,
        "name": "La Serena"
      },
      {
        "id": 1497,
        "name": "Valdivia"
      },
      {
        "id": 1499,
        "name": "Shymkent"
      },
      {
        "id": 1500,
        "name": "Arica"
      },
      {
        "id": 1501,
        "name": "Iquique"
      },
      {
        "id": 1502,
        "name": "Osorno"
      },
      {
        "id": 1503,
        "name": "Calama"
      },
      {
        "id": 1504,
        "name": "Copiapo"
      },
      {
        "id": 1505,
        "name": "Punta Arenas"
      },
      {
        "id": 1506,
        "name": "Asuncion"
      },
      {
        "id": 1507,
        "name": "Chiang Mai"
      },
      {
        "id": 1509,
        "name": "Cusco"
      },
      {
        "id": 1510,
        "name": "Trujillo"
      },
      {
        "id": 1511,
        "name": "Chiclayo"
      },
      {
        "id": 1512,
        "name": "Piura"
      },
      {
        "id": 1514,
        "name": "Melaka"
      },
      {
        "id": 1515,
        "name": "Hai Phong"
      },
      {
        "id": 1516,
        "name": "Can Tho"
      },
      {
        "id": 1517,
        "name": "Nha Trang"
      },
      {
        "id": 1518,
        "name": "San Fernando"
      },
      {
        "id": 1519,
        "name": "Puerto Montt"
      },
      {
        "id": 1520,
        "name": "Timisoara"
      },
      {
        "id": 1521,
        "name": "Brasov"
      },
      {
        "id": 1522,
        "name": "Iasi"
      },
      {
        "id": 1525,
        "name": "Yogyakarta"
      },
      {
        "id": 1526,
        "name": "Ponce"
      },
      {
        "id": 1527,
        "name": "Mayaguez"
      },
      {
        "id": 1528,
        "name": "Kaunas"
      },
      {
        "id": 1530,
        "name": "Malang"
      },
      {
        "id": 1531,
        "name": "Calabar"
      },
      {
        "id": 1532,
        "name": "Governador Valadares"
      },
      {
        "id": 1533,
        "name": "Divinopolis"
      },
      {
        "id": 1534,
        "name": "Cachoeiro de Itapemirim"
      },
      {
        "id": 1535,
        "name": "Pocos de Caldas"
      },
      {
        "id": 1536,
        "name": "Brno"
      },
      {
        "id": 1537,
        "name": "Linhares"
      },
      {
        "id": 1538,
        "name": "Patos de Minas"
      },
      {
        "id": 1539,
        "name": "Pouso Alegre"
      },
      {
        "id": 1540,
        "name": "Punta del Este"
      },
      {
        "id": 1541,
        "name": "NYC Suburbs"
      },
      {
        "id": 1542,
        "name": "Upstate NY"
      },
      {
        "id": 1543,
        "name": "Boone"
      },
      {
        "id": 1544,
        "name": "Chiang Rai"
      },
      {
        "id": 1545,
        "name": "Kuantan"
      },
      {
        "id": 1546,
        "name": "Islamabad"
      },
      {
        "id": 1547,
        "name": "Faisalabad"
      },
      {
        "id": 1548,
        "name": "Multan"
      },
      {
        "id": 1549,
        "name": "Hyderabad, Pakistan"
      },
      {
        "id": 1550,
        "name": "Gujranwala"
      },
      {
        "id": 1551,
        "name": "Peshawar"
      },
      {
        "id": 1559,
        "name": "Khon Kaen"
      },
      {
        "id": 1560,
        "name": "Hat Yai"
      },
      {
        "id": 1561,
        "name": "Petrolina"
      },
      {
        "id": 1562,
        "name": "Caruaru"
      },
      {
        "id": 1563,
        "name": "Campina Grande"
      },
      {
        "id": 1564,
        "name": "Juazeiro do Norte"
      },
      {
        "id": 1565,
        "name": "Yangon"
      },
      {
        "id": 1566,
        "name": "Kathmandu"
      },
      {
        "id": 1567,
        "name": "Waterloo-Cedar Falls"
      },
      {
        "id": 1568,
        "name": "Dubuque"
      },
      {
        "id": 1569,
        "name": "Tri-Cities, MI"
      },
      {
        "id": 1570,
        "name": "Ovalle"
      },
      {
        "id": 1571,
        "name": "Traverse City"
      },
      {
        "id": 1572,
        "name": "Medan"
      },
      {
        "id": 1573,
        "name": "Makassar"
      },
      {
        "id": 1574,
        "name": "Eau Claire"
      },
      {
        "id": 1575,
        "name": "La Crosse"
      },
      {
        "id": 1576,
        "name": "Bismarck"
      },
      {
        "id": 1577,
        "name": "Grand Forks"
      },
      {
        "id": 1578,
        "name": "Carbondale"
      },
      {
        "id": 1579,
        "name": "St Cloud"
      },
      {
        "id": 1580,
        "name": "Mankato"
      },
      {
        "id": 1581,
        "name": "Los Andes"
      },
      {
        "id": 1582,
        "name": "Northern Missouri"
      },
      {
        "id": 1583,
        "name": "Miri"
      },
      {
        "id": 1584,
        "name": "Langkawi"
      },
      {
        "id": 1585,
        "name": "Alor Setar"
      },
      {
        "id": 1587,
        "name": "Central Oregon"
      },
      {
        "id": 1591,
        "name": "Lawton"
      },
      {
        "id": 1592,
        "name": "Manado"
      },
      {
        "id": 1593,
        "name": "Balikpapan"
      },
      {
        "id": 1594,
        "name": "Palembang"
      },
      {
        "id": 1595,
        "name": "Surakarta"
      },
      {
        "id": 1596,
        "name": "Pekanbaru"
      },
      {
        "id": 1597,
        "name": "Padang"
      },
      {
        "id": 1598,
        "name": "Lampung"
      },
      {
        "id": 1599,
        "name": "Piedras Negras"
      },
      {
        "id": 1600,
        "name": "Macon"
      },
      {
        "id": 1601,
        "name": "North Georgia"
      },
      {
        "id": 1602,
        "name": "South Georgia"
      },
      {
        "id": 1603,
        "name": "Constanta"
      },
      {
        "id": 1604,
        "name": "Banyuwangi"
      },
      {
        "id": 1605,
        "name": "Cirebon"
      },
      {
        "id": 1606,
        "name": "Batam"
      },
      {
        "id": 1607,
        "name": "Texarkana"
      },
      {
        "id": 1608,
        "name": "Kyoto"
      },
      {
        "id": 1609,
        "name": "Osaka"
      },
      {
        "id": 1610,
        "name": "Arapiraca"
      },
      {
        "id": 1611,
        "name": "Vitoria da Conquista"
      },
      {
        "id": 1612,
        "name": "Itabuna e Ilheus"
      },
      {
        "id": 1613,
        "name": "Porto Seguro"
      },
      {
        "id": 1614,
        "name": "Barreiras"
      },
      {
        "id": 1615,
        "name": "Paulo Afonso"
      },
      {
        "id": 1616,
        "name": "Sobral"
      },
      {
        "id": 1617,
        "name": "Parnaiba"
      },
      {
        "id": 1618,
        "name": "Itapipoca"
      },
      {
        "id": 1619,
        "name": "Teixeira de Freitas"
      },
      {
        "id": 1620,
        "name": "Garanhuns"
      },
      {
        "id": 1621,
        "name": "Jequie"
      },
      {
        "id": 1622,
        "name": "Patos"
      },
      {
        "id": 1623,
        "name": "Iguatu"
      },
      {
        "id": 1624,
        "name": "Santa Cruz do Capibaribe"
      },
      {
        "id": 1625,
        "name": "Santo Antonio de Jesus"
      },
      {
        "id": 1626,
        "name": "Maraba"
      },
      {
        "id": 1628,
        "name": "Imperatriz"
      },
      {
        "id": 1630,
        "name": "Nam Dinh"
      },
      {
        "id": 1631,
        "name": "Quang Ninh"
      },
      {
        "id": 1632,
        "name": "Aracatuba"
      },
      {
        "id": 1633,
        "name": "Lombok"
      },
      {
        "id": 1634,
        "name": "Braganca Paulista"
      },
      {
        "id": 1635,
        "name": "Pontianak"
      },
      {
        "id": 1636,
        "name": "Mogi Guacu"
      },
      {
        "id": 1637,
        "name": "Botucatu"
      },
      {
        "id": 1652,
        "name": "Nova Friburgo"
      },
      {
        "id": 1653,
        "name": "Angra dos Reis"
      },
      {
        "id": 1654,
        "name": "Santa Maria"
      },
      {
        "id": 1655,
        "name": "Guarapuava"
      },
      {
        "id": 1656,
        "name": "Lages"
      },
      {
        "id": 1658,
        "name": "Santa Cruz do Sul"
      },
      {
        "id": 1661,
        "name": "Barbacena"
      },
      {
        "id": 1662,
        "name": "Varginha"
      },
      {
        "id": 1663,
        "name": "Batu Pahat"
      },
      {
        "id": 1664,
        "name": "Kuala Terengganu"
      },
      {
        "id": 1666,
        "name": "Sandakan"
      },
      {
        "id": 1670,
        "name": "Conselheiro Lafaiete"
      },
      {
        "id": 1671,
        "name": "Itabira"
      },
      {
        "id": 1672,
        "name": "Passos"
      },
      {
        "id": 1673,
        "name": "Uba"
      },
      {
        "id": 1674,
        "name": "Nuevo Vallarta"
      },
      {
        "id": 1676,
        "name": "Wichita Falls"
      },
      {
        "id": 1677,
        "name": "Bridgetown"
      },
      {
        "id": 1678,
        "name": "Nacogdoches"
      },
      {
        "id": 1679,
        "name": "Tauranga"
      },
      {
        "id": 1680,
        "name": "Eagle Pass"
      },
      {
        "id": 1681,
        "name": "Kumasi"
      },
      {
        "id": 1682,
        "name": "Pampanga"
      },
      {
        "id": 1683,
        "name": "Zaporizhia"
      },
      {
        "id": 1684,
        "name": "Kryvyi Rih"
      },
      {
        "id": 1685,
        "name": "Mykolaiv"
      },
      {
        "id": 1686,
        "name": "Meridian"
      },
      {
        "id": 1687,
        "name": "Golden Triangle"
      },
      {
        "id": 1688,
        "name": "The Shoals"
      },
      {
        "id": 1689,
        "name": "Jonesboro"
      },
      {
        "id": 1690,
        "name": "Dothan"
      },
      {
        "id": 1691,
        "name": "Vinnytsia"
      },
      {
        "id": 1692,
        "name": "Mariupol"
      },
      {
        "id": 1693,
        "name": "Rouen"
      },
      {
        "id": 1694,
        "name": "Southern Arkansas"
      },
      {
        "id": 1695,
        "name": "Banjarmasin"
      },
      {
        "id": 1696,
        "name": "Serang"
      },
      {
        "id": 1697,
        "name": "Jambi"
      },
      {
        "id": 1698,
        "name": "Mississippi Delta"
      },
      {
        "id": 1699,
        "name": "Dijon"
      },
      {
        "id": 1700,
        "name": "Limoges"
      },
      {
        "id": 1701,
        "name": "Amiens"
      },
      {
        "id": 1702,
        "name": "Tours"
      },
      {
        "id": 1703,
        "name": "Mulhouse"
      },
      {
        "id": 1704,
        "name": "Reims"
      },
      {
        "id": 1705,
        "name": "Angers"
      },
      {
        "id": 1706,
        "name": "La Rochelle"
      },
      {
        "id": 1708,
        "name": "Liege"
      },
      {
        "id": 1709,
        "name": "Monroe"
      },
      {
        "id": 1721,
        "name": "Clermont Ferrand"
      },
      {
        "id": 1722,
        "name": "Orleans"
      },
      {
        "id": 1728,
        "name": "Yokohama"
      },
      {
        "id": 1729,
        "name": "Ghent"
      },
      {
        "id": 1730,
        "name": "Kanpur"
      },
      {
        "id": 1731,
        "name": "Lazaro Cardenas"
      },
      {
        "id": 1748,
        "name": "Navojoa"
      },
      {
        "id": 1749,
        "name": "San Luis Rio Colorado"
      },
      {
        "id": 1750,
        "name": "Guasave"
      },
      {
        "id": 1754,
        "name": "Namur"
      },
      {
        "id": 1756,
        "name": "South Tennessee"
      },
      {
        "id": 1757,
        "name": "Jackson, TN"
      },
      {
        "id": 1758,
        "name": "Cookeville"
      },
      {
        "id": 1759,
        "name": "Florence, SC"
      },
      {
        "id": 1761,
        "name": "Neuquen"
      },
      {
        "id": 1762,
        "name": "West Texas"
      },
      {
        "id": 1764,
        "name": "Siem Reap"
      },
      {
        "id": 1765,
        "name": "Leuven"
      },
      {
        "id": 1767,
        "name": "Perpignan"
      },
      {
        "id": 1768,
        "name": "Annecy"
      },
      {
        "id": 1769,
        "name": "Corsica"
      },
      {
        "id": 1770,
        "name": "Nancy"
      },
      {
        "id": 1771,
        "name": "Saint Quentin"
      },
      {
        "id": 1772,
        "name": "Poitiers"
      },
      {
        "id": 1773,
        "name": "Besancon"
      },
      {
        "id": 1774,
        "name": "Brest"
      },
      {
        "id": 1775,
        "name": "Cherbourg"
      },
      {
        "id": 1776,
        "name": "Toulon"
      },
      {
        "id": 1777,
        "name": "Lorient"
      },
      {
        "id": 1778,
        "name": "Troyes"
      },
      {
        "id": 1779,
        "name": "Avignon"
      },
      {
        "id": 1780,
        "name": "San Salvador de Jujuy"
      },
      {
        "id": 1784,
        "name": "Corrientes"
      },
      {
        "id": 1785,
        "name": "Cipolletti"
      },
      {
        "id": 1786,
        "name": "Resistencia"
      },
      {
        "id": 1787,
        "name": "Puerto Iguazu"
      },
      {
        "id": 1788,
        "name": "San Luis"
      },
      {
        "id": 1789,
        "name": "San Juan"
      },
      {
        "id": 1790,
        "name": "Concordia"
      },
      {
        "id": 1791,
        "name": "Villa Maria"
      },
      {
        "id": 1794,
        "name": "Merlo"
      },
      {
        "id": 1795,
        "name": "Comodoro Rivadavia"
      },
      {
        "id": 1800,
        "name": "Sekondi-Takoradi"
      },
      {
        "id": 1854,
        "name": "Tainan"
      },
      {
        "id": 1873,
        "name": "Posadas"
      },
      {
        "id": 1874,
        "name": "La Rioja"
      },
      {
        "id": 1875,
        "name": "Chittagong"
      },
      {
        "id": 1877,
        "name": "Dunedin"
      },
      {
        "id": 1878,
        "name": "Madinah"
      },
      {
        "id": 1879,
        "name": "Qassim"
      },
      {
        "id": 1881,
        "name": "Kobe"
      },
      {
        "id": 1882,
        "name": "Awaji Island"
      },
      {
        "id": 1883,
        "name": "Itaperuna"
      },
      {
        "id": 1884,
        "name": "Valenca"
      },
      {
        "id": 1885,
        "name": "Tres Rios"
      },
      {
        "id": 1889,
        "name": "Busselton"
      },
      {
        "id": 1890,
        "name": "Rimini"
      },
      {
        "id": 1902,
        "name": "Launceston"
      },
      {
        "id": 1903,
        "name": "Kaliningrad"
      },
      {
        "id": 1904,
        "name": "East Alabama"
      },
      {
        "id": 1905,
        "name": "South Alabama"
      },
      {
        "id": 1906,
        "name": "Auburn"
      },
      {
        "id": 1908,
        "name": "Reggio Emilia"
      },
      {
        "id": 1911,
        "name": "Delta"
      }
    ]
  },
  "ok": true,
  "trace": "36ad0efb915a684d"
}

